id,director,actor1,actor2,actor3,genres,keywords,title,comb
675327,roseanneliang,chloëgracemoretz,nickrobinson,beulahkoale,Horror Action War,world war ii woman director,shadow in the cloud,Horror Action War world war ii woman director chloëgracemoretz nickrobinson beulahkoale roseanneliang
628534,raminbahrani,adarshgourav,rajkummarrao,priyankachoprajonas,Drama,based on novel or book rags to rich class differ,the white tiger,Drama based on novel or book rags to rich class differ adarshgourav rajkummarrao priyankachoprajonas raminbahrani
741228,dougliman,annehathaway,chiwetelejiofor,stephenmerchant,Comedy Crime Drama,"london, england lockdown pandem covid-19",locked down,"Comedy Crime Drama london, england lockdown pandem covid-19 annehathaway chiwetelejiofor stephenmerchant dougliman"
532865,simonstone,careymulligan,ralphfiennes,lilyjames,Drama History,based on novel or book based on true stori class differ 1930s,the dig,Drama History based on novel or book based on true stori class differ 1930s careymulligan ralphfiennes lilyjames simonstone
775996,mikaelhåfström,anthonymackie,damsonidris,enzocilenti,Thriller Action Science Fiction,android killer robot near futur,outside the wire,Thriller Action Science Fiction android killer robot near futur anthonymackie damsonidris enzocilenti mikaelhåfström
634528,robertlorenz,liamneeson,katherynwinnick,teresaruiz,Action Thriller,mexico assassin war veteran usa–mexico bord murder farmer road movi,the marksman,Action Thriller mexico assassin war veteran usa–mexico bord murder farmer road movi liamneeson katherynwinnick teresaruiz robertlorenz
776884,bennettlasseter,keeanjohnson,madelinebrewer,olivercooper,Drama Music,,the ultimate playlist of noise,Drama Music  keeanjohnson madelinebrewer olivercooper bennettlasseter
621476,nateparker,omarihardwick,theorossi,beauknapp,Crime Drama,,american skin,Crime Drama  omarihardwick theorossi beauknapp nateparker
572400,alexmcaulay,jackdylangrazer,fionnwhitehead,rainnwilson,Crime,murder coming of ag theft trap brother brother relationship,don't tell a soul,Crime murder coming of ag theft trap brother brother relationship jackdylangrazer fionnwhitehead rainnwilson alexmcaulay
583903,gabrielacowperthwaite,dakotajohnson,caseyaffleck,jasonsegel,Drama Romance,friendship based on true stori,our friend,Drama Romance friendship based on true stori dakotajohnson caseyaffleck jasonsegel gabrielacowperthwaite
8342,danistanović,brankođurić,renebitorajac,filipšovagović,Drama Action History,anti war land min,no man's land,Drama Action History anti war land min brankođurić renebitorajac filipšovagović danistanović
766931,alexranarivelo,seanpatrickflanery,dennisquaid,katrinabowden,Action Drama,fight sport mixed martial art,born a champion,Action Drama fight sport mixed martial art seanpatrickflanery dennisquaid katrinabowden alexranarivelo
9902,robschmidt,elizadushku,emmanuellechriqui,lindybooth,Horror Thriller,loss of loved on forest horror slasher survival horror,wrong turn,Horror Thriller loss of loved on forest horror slasher survival horror elizadushku emmanuellechriqui lindybooth robschmidt
618416,glendynivin,naomiwatts,andrewlincoln,griffinmurray-johnston,Drama,,penguin bloom,Drama  naomiwatts andrewlincoln griffinmurray-johnston glendynivin
602269,johnleehancock,denzelwashington,ramimalek,jaredleto,Crime Drama Thriller,"detect serial kil los angeles, california 1990s",the little things,"Crime Drama Thriller detect serial kil los angeles, california 1990s denzelwashington ramimalek jaredleto johnleehancock"
644092,judeweng,keapeahu,alexaiono,lindsaywatson,Action Adventure Comedy Family,hawaii,finding ʻohana,Action Adventure Comedy Family hawaii keapeahu alexaiono lindsaywatson judeweng
581734,chloézhao,francesmcdormand,davidstrathairn,lindamay,Drama,based on novel or book road movi,nomadland,Drama based on novel or book road movi francesmcdormand davidstrathairn lindamay chloézhao
722913,samlevinson,johndavidwashington,zendaya,,Drama Romance,love black and whit drug filmmak one loc two-hand,malcolm & marie,
458220,fisherstevens,justintimberlake,ryderallen,junotemple,Drama,small town young boy ex-con,palmer,Drama small town young boy ex-con justintimberlake ryderallen junotemple fisherstevens
833097,janeendamian,lindsaylohan,chordoverstreet,georgeyoung,Romance Comedy Family,christmas spirit,falling,Romance Comedy Family christmas spirit lindsaylohan chordoverstreet georgeyoung janeendamian
613911,mikecahill,owenwilson,salmahayek,nestacooper,Science Fiction Romance Drama,film in film,bliss,Science Fiction Romance Drama film in film owenwilson salmahayek nestacooper mikecahill
586791,chadhartigan,oliviacooke,jacko'connell,soko,Romance Science Fiction Drama,"photograph seattle, usa married coupl musician nonlinear timelin pandem",little fish,"Romance Science Fiction Drama photograph seattle, usa married coupl musician nonlinear timelin pandem oliviacooke jacko'connell soko chadhartigan"
686548,barryalexanderbrown,lucastill,juliaormond,briandennehy,History Drama,,son of the south,History Drama  lucastill juliaormond briandennehy barryalexanderbrown
670129,benhozie,petervack,juliafox,keithpoulson,Drama,new york c gambl sex work,pvt chat,Drama new york c gambl sex work petervack juliafox keithpoulson benhozie
586101,sia,katehudson,leslieodomjr.,maddieziegler,Music Drama,autism drug deal,music,Music Drama autism drug deal katehudson leslieodomjr. maddieziegler sia
583406,shakaking,lakeithstanfield,danielkaluuya,dominiquefishback,Drama History,"assassin chicago, illinoi based on true stori betray 1960s african american histori",judas and the black messiah,"Drama History assassin chicago, illinoi based on true stori betray 1960s african american histori lakeithstanfield danielkaluuya dominiquefishback shakaking"
644583,kevinmacdonald,taharrahim,jodiefoster,benedictcumberbatch,Drama Thriller,confess based on novel or book prison based on true stori lawyer tortur sleep depriv,the mauritanian,Drama Thriller confess based on novel or book prison based on true stori lawyer tortur sleep depriv taharrahim jodiefoster benedictcumberbatch kevinmacdonald
556867,tatetaylor,allisonjanney,milakunis,reginahall,Comedy Drama Crime,,breaking news in yuba county,Comedy Drama Crime  allisonjanney milakunis reginahall tatetaylor
595813,joshgreenbaum,kristenwiig,anniemumolo,jamiedornan,Comedy,florida vacat friend duringcreditssting,barb and star go to vista del mar,Comedy florida vacat friend duringcreditssting kristenwiig anniemumolo jamiedornan joshgreenbaum
615643,leeisaacchung,stevenyeun,hanyeri,younyuh-jung,Drama,american dream east asian lead farmer family tens 1980s korean american grandmother grandson relationship korean asian american,minari,Drama american dream east asian lead farmer family tens 1980s korean american grandmother grandson relationship korean asian american stevenyeun hanyeri younyuh-jung leeisaacchung
614409,michaelfimognari,lanacondor,noahcentineo,janelparrish,Romance Comedy Drama,based on novel or book asian american,to all the boys: always and forever,Romance Comedy Drama based on novel or book asian american lanacondor noahcentineo janelparrish michaelfimognari
506281,monafastvold,katherinewaterston,caseyaffleck,vanessakirby,Romance Drama Western,,the world to come,Romance Drama Western  katherinewaterston caseyaffleck vanessakirby monafastvold
599960,azazeljacobs,michellepfeiffer,lucashedges,tracyletts,Drama Comedy,based on novel or book cat widow reincarn mother son relationship,french exit,Drama Comedy based on novel or book cat widow reincarn mother son relationship michellepfeiffer lucashedges tracyletts azazeljacobs
1018403,darrellvancitters,carlosalazraqui,kimberlybrooks,joeyd'auria,Family Comedy Animation Adventure,holiday magic cat and mous,land,Family Comedy Animation Adventure holiday magic cat and mous carlosalazraqui kimberlybrooks joeyd'auria darrellvancitters
643586,kevinlewis,nicolascage,emilytosta,bethgrant,Action Horror Comedy,nightmar carniv apocalyps demon,willy's wonderland,Action Horror Comedy nightmar carniv apocalyps demon nicolascage emilytosta bethgrant kevinlewis
672647,iansamuels,kathrynnewton,kyleallen,jermaineharris,Fantasy Romance,time loop based on short stori love stori,the map of tiny perfect things,Fantasy Romance time loop based on short stori love stori kathrynnewton kyleallen jermaineharris iansamuels
599281,castillelandon,madisoniseman,israelbroussard,katherineheigl,Thriller Horror Drama,kidnap neighbor mental il,fear of rain,Thriller Horror Drama kidnap neighbor mental il madisoniseman israelbroussard katherineheigl castillelandon
601666,jblakeson,rosamundpike,peterdinklage,eizagonzález,Comedy Crime Thriller Drama,psychopath horror dark comedi,i care a lot,Comedy Crime Thriller Drama psychopath horror dark comedi rosamundpike peterdinklage eizagonzález jblakeson
621876,lenakhan,matildalawler,alysonhannigan,benschwartz,Family Adventure Comedy Fantasy,based on novel or book,flora & ulysses,Family Adventure Comedy Fantasy based on novel or book matildalawler alysonhannigan benschwartz lenakhan
579051,tillerrussell,jasonclarke,nickrobinson,danieldavidstewart,Crime Thriller,cat and mous,silk road,Crime Thriller cat and mous jasonclarke nickrobinson danieldavidstewart tillerrussell
587807,timstory,chloëgracemoretz,michaelpeña,colinjost,Comedy Family Animation,aftercreditssting live action and anim,tom & jerry,Comedy Family Animation aftercreditssting live action and anim chloëgracemoretz michaelpeña colinjost timstory
566076,leedaniels,andraday,trevanterhodes,garretthedlund,Music Drama History,"new orleans, louisiana biographi 1940s 1950s fbi ag",the united states vs. billie holiday,"Music Drama History new orleans, louisiana biographi 1940s 1950s fbi ag andraday trevanterhodes garretthedlund leedaniels"
544401,anthonyrusso,tomholland,ciarabravo,jackreynor,Drama Crime,based on novel or book war veteran drug addict bank robb,cherry,Drama Crime based on novel or book war veteran drug addict bank robb tomholland ciarabravo jackreynor anthonyrusso
580532,nicholasjarecki,garyoldman,armiehammer,evangelinelilly,Thriller Crime Drama,drug addict,crisis,Thriller Crime Drama drug addict garyoldman armiehammer evangelinelilly nicholasjarecki
654754,r.j.cutler,billieeilish,finneaso'connell,maggiebaird,Documentary Music,musician,billie eilish: the world's a little blurry,Documentary Music musician billieeilish finneaso'connell maggiebaird r.j.cutler
621707,keiththomas,davedavis,lynncohen,menashelustig,Horror Thriller Mystery,new york c,the vigil,Horror Thriller Mystery new york c davedavis lynncohen menashelustig keiththomas
583689,amypoehler,hadleyrobinson,laurentsai,alyciapascual-peña,Comedy Drama Music,based on novel or book woman director,moxie,Comedy Drama Music based on novel or book woman director hadleyrobinson laurentsai alyciapascual-peña amypoehler
484718,craigbrewer,eddiemurphy,arseniohall,morganfreeman,Comedy,princ sequel,coming 2 america,Comedy princ sequel eddiemurphy arseniohall morganfreeman craigbrewer
400160,timhill,tomkenny,billfagerbakke,rodgerbumpass,Family Animation Fantasy Adventure Comedy,based on tv seri,the spongebob movie: sponge on the run,Family Animation Fantasy Adventure Comedy based on tv seri tomkenny billfagerbakke rodgerbumpass timhill
527774,donhall,kellymarietran,awkwafina,izaacwang,Animation Family Fantasy Action Adventure,dragon,raya and the last dragon,Animation Family Fantasy Action Adventure dragon kellymarietran awkwafina izaacwang donhall
412656,dougliman,daisyridley,tomholland,madsmikkelsen,Science Fiction,based on novel or book post-apocalyptic futur dystopia,chaos walking,Science Fiction based on novel or book post-apocalyptic futur dystopia daisyridley tomholland madsmikkelsen dougliman
513310,joecarnahan,frankgrillo,melgibson,naomiwatts,Action Science Fiction Thriller,time loop,boss level,Action Science Fiction Thriller time loop frankgrillo melgibson naomiwatts joecarnahan
4995,paulthomasanderson,markwahlberg,juliannemoore,burtreynolds,Drama,"robberi husband wife relationship 1970s custody battl rags to rich coming of ag los angeles, california drug voyeur mother son relationship",boogie,"Drama robberi husband wife relationship 1970s custody battl rags to rich coming of ag los angeles, california drug voyeur mother son relationship markwahlberg juliannemoore burtreynolds paulthomasanderson"
638597,miguelarteta,jennifergarner,edgarramírez,jennaortega,Comedy Family,,yes day,Comedy Family  jennifergarner edgarramírez jennaortega miguelarteta
635012,stephenbasilone,finnwittrock,zoechao,damonwayansjr.,Romance Comedy,,long weekend,Romance Comedy  finnwittrock zoechao damonwayansjr. stephenbasilone
681887,edwarddrake,brucewillis,adelaidekane,frankgrillo,Action Adventure Science Fiction,future war human vs alien alien attack,cosmic sin,Action Adventure Science Fiction future war human vs alien alien attack brucewillis adelaidekane frankgrillo edwarddrake
795230,briandecubellis,victoriajustice,matthewdaddario,katherinemcnamara,Romance Drama,,trust,Romance Drama  victoriajustice matthewdaddario katherinemcnamara briandecubellis
791373,zacksnyder,benaffleck,henrycavill,galgadot,Action Adventure Fantasy Science Fiction,superhero based on com superhero team dc extended univers superhero teamup,zack snyder's justice league,Action Adventure Fantasy Science Fiction superhero based on com superhero team dc extended univers superhero teamup benaffleck henrycavill galgadot zacksnyder
522241,dominiccooke,benedictcumberbatch,merabninidze,rachelbrosnahan,Thriller History Drama Action,based on true stori mi6,the courier,Thriller History Drama Action based on true stori mi6 benedictcumberbatch merabninidze rachelbrosnahan dominiccooke
433501,bradfurman,johnnydepp,forestwhitaker,tobyhuss,Crime Thriller Drama,"based on novel or book based on true stori los angeles, california",city of lies,"Crime Thriller Drama based on novel or book based on true stori los angeles, california johnnydepp forestwhitaker tobyhuss bradfurman"
673319,bendavidgrabinski,kerrybishé,joelmchale,almadrigal,Comedy Romance Thriller,,happily,Comedy Romance Thriller  kerrybishé joelmchale almadrigal bendavidgrabinski
615457,ilyanaishuller,bobodenkirk,connienielsen,christopherlloyd,Action Crime Thriller,assassin home invas famili duringcreditssting,nobody,Action Crime Thriller assassin home invas famili duringcreditssting bobodenkirk connienielsen christopherlloyd ilyanaishuller
578908,kitaosakurai,ericandré,lilrelhowery,tiffanyhaddish,Comedy,road trip antholog,bad trip,Comedy road trip antholog ericandré lilrelhowery tiffanyhaddish kitaosakurai
645856,justinp.lange,guypearce,vadhirderbez,bradyjenness,Horror,demon demonic possess,the seventh day,Horror demon demonic possess guypearce vadhirderbez bradyjenness justinp.lange
762888,giorgioserafini,williamshatner,jeansmart,donmcmanus,Comedy Romance,,senior moment,Comedy Romance  williamshatner jeansmart donmcmanus giorgioserafini
399566,adamwingard,alexanderskarsgård,milliebobbybrown,rebeccahall,Action Fantasy Science Fiction,giant monst kaiju sign languag,godzilla vs. kong,Action Fantasy Science Fiction giant monst kaiju sign languag alexanderskarsgård milliebobbybrown rebeccahall adamwingard
621954,rickystaub,idriselba,calebmclaughlin,jharreljerome,Drama Western,,concrete cowboy,Drama Western  idriselba calebmclaughlin jharreljerome rickystaub
632357,evanspiliotopoulos,jeffreydeanmorgan,cricketbrown,williamsadler,Horror Mystery,demon religious horror,the unholy,Horror Mystery demon religious horror jeffreydeanmorgan cricketbrown williamsadler evanspiliotopoulos
803923,vaughnstein,caseyaffleck,michellemonaghan,samclaflin,Thriller,,every breath you take,Thriller  caseyaffleck michellemonaghan samclaflin vaughnstein
664300,emmaseligman,rachelsennott,mollygordon,pollydraper,Comedy Drama,new york c parent child relationship jewish lif coming of ag lgbt woman director college stud,shiva baby,Comedy Drama new york c parent child relationship jewish lif coming of ag lgbt woman director college stud rachelsennott mollygordon pollydraper emmaseligman
805195,richcorrell,mirasorvino,austynjohnson,kevinsorbo,Family Drama,,the girl who believes in miracles,Family Drama  mirasorvino austynjohnson kevinsorbo richcorrell
4012,henrybean,ryangosling,summerphoenix,theresarussell,Drama,new york c world war ii jewish lif psychopath judaism,the believer,Drama new york c world war ii jewish lif psychopath judaism ryangosling summerphoenix theresarussell henrybean
786584,brucewemple,annashields,chriscimperman,francescaanderson,Horror Thriller,,dawn of the beast,Horror Thriller  annashields chriscimperman francescaanderson brucewemple
597890,neilburger,tyesheridan,lily-rosedepp,fionnwhitehead,Science Fiction Thriller,space sexual tens,voyagers,Science Fiction Thriller space sexual tens tyesheridan lily-rosedepp fionnwhitehead neilburger
615678,benfalcone,melissamccarthy,octaviaspencer,jasonbateman,Action Adventure Comedy Science Fiction,superhero,thunder force,Action Adventure Comedy Science Fiction superhero melissamccarthy octaviaspencer jasonbateman benfalcone
763568,ryancrego,michaelj.woodard,marylambert,anniepotts,Animation Comedy Family,music,arlo the alligator boy,Animation Comedy Family music michaelj.woodard marylambert anniepotts ryancrego
550524,argyrispapadimitropoulos,sebastianstan,denisegough,dominiquetipper,Drama Romance,,monday,Drama Romance  sebastianstan denisegough dominiquetipper argyrispapadimitropoulos
748853,benwheatley,joelfry,elloratorchia,hayleysquires,Horror Science Fiction Thriller,forest,in the earth,Horror Science Fiction Thriller forest joelfry elloratorchia hayleysquires benwheatley
999205,declanwhitebloom,rubyrose,patrickschwarzenegger,frankgrillo,Thriller Action,,stowaway,Thriller Action  rubyrose patrickschwarzenegger frankgrillo declanwhitebloom
460465,simonmcquoid,lewistan,jessicamcnamee,joshlawson,Action Fantasy Adventure,magic based on video gam,mortal kombat,Action Fantasy Adventure magic based on video gam lewistan jessicamcnamee joshlawson simonmcquoid
501929,michaelrianda,abbijacobson,dannymcbride,mayarudolph,Animation Adventure Comedy,man vs machin family relationship father daughter conflict,the mitchells vs. the machines,Animation Adventure Comedy man vs machin family relationship father daughter conflict abbijacobson dannymcbride mayarudolph michaelrianda
804435,georgegallo,rubyrose,morganfreeman,patrickmuldoon,Action Crime Thriller,polic,vanquish,Action Crime Thriller polic rubyrose morganfreeman patrickmuldoon georgegallo
776515,nikolebeckwith,edhelms,pattiharrison,rosalindchao,Comedy,woman director,together together,Comedy woman director edhelms pattiharrison rosalindchao nikolebeckwith
680319,jeffrosenberg,ayacash,williamjacksonharper,sarahbolger,Romance Comedy,,we broke up,Romance Comedy  ayacash williamjacksonharper sarahbolger jeffrosenberg
674564,chadferrin,johannurb,kellimaroney,robertrhine,Horror Science Fiction,,the deep ones,Horror Science Fiction  johannurb kellimaroney robertrhine chadferrin
631060,sharispringerberman,amandaseyfried,jamesnorton,nataliadyer,Horror,based on novel or book ghost 1980s toxic masculin,things heard & seen,Horror based on novel or book ghost 1980s toxic masculin amandaseyfried jamesnorton nataliadyer sharispringerberman
567189,stefanosollima,michaelb.jordan,jamiebell,guypearce,Action Thriller,duringcreditssting,without remorse,Action Thriller duringcreditssting michaelb.jordan jamiebell guypearce stefanosollima
808023,nickstagliano,anthonyhopkins,ansonmount,abbiecornish,Thriller Crime,,the virtuoso,Thriller Crime  anthonyhopkins ansonmount abbiecornish nickstagliano
641960,rodrigogarcía,glennclose,milakunis,stephenroot,Drama,drug addict mother daughter relationship,four good days,Drama drug addict mother daughter relationship glennclose milakunis stephenroot rodrigogarcía
760195,williambrentbell,briancox,rupertfriend,madelinebrewer,Horror Drama,custody battl supernatur grief car accid ghost grieving fath,separation,Horror Drama custody battl supernatur grief car accid ghost grieving fath briancox rupertfriend madelinebrewer williambrentbell
810271,taylorchien,biancahaase,brocko'hurn,michaelvlamis,Horror,hawaii security guard ghost,the resort,Horror hawaii security guard ghost biancahaase brocko'hurn michaelvlamis taylorchien
637649,guyritchie,jasonstatham,holtmccallany,joshhartnett,Action Crime Thriller,"robberi crime boss reveng thriller shootout los angeles, california theft security guard ex soldi",wrath of man,"Action Crime Thriller robberi crime boss reveng thriller shootout los angeles, california theft security guard ex soldi jasonstatham holtmccallany joshhartnett guyritchie"
335795,toddholland,miiaharris,cecibalagot,nayahdamasen,Family Fantasy Comedy Adventure Music TV Movie,monster music high school based on toy werewolf,monster,Family Fantasy Comedy Adventure Music TV Movie monster music high school based on toy werewolf miiaharris cecibalagot nayahdamasen toddholland
731738,quocbaotran,alainuy,ronyuan,mykelshannonjenkins,Action Comedy,,the paper tigers,Action Comedy  alainuy ronyuan mykelshannonjenkins quocbaotran
557950,giacoppola,andrewgarfield,mayahawke,natwolff,Comedy Drama,love triangl suicid satir woman director social media influenc,mainstream,Comedy Drama love triangl suicid satir woman director social media influenc andrewgarfield mayahawke natwolff giacoppola
346687,davidoyelowo,davidoyelowo,amiahmiller,lonniechavis,Adventure,,the water man,Adventure  davidoyelowo amiahmiller lonniechavis davidoyelowo
711475,billycrystal,billycrystal,tiffanyhaddish,pennbadgley,Comedy Drama,,here today,Comedy Drama  billycrystal tiffanyhaddish pennbadgley billycrystal
421473,phillipnoyce,emiliaclarke,jackhuston,johnnyknoxville,Thriller Crime,based on true stori,above suspicion,Thriller Crime based on true stori emiliaclarke jackhuston johnnyknoxville phillipnoyce
750600,ivoraza,keliprice,davidlipper,davidkoechner,Comedy,,reboot camp,Comedy  keliprice davidlipper davidkoechner ivoraza
647302,karlholt,karlholt,clairecatwright,georgecollie,Horror Comedy,,benny loves you,Horror Comedy  karlholt clairecatwright georgecollie karlholt
18561,richardshepard,mauratierney,adrienbrody,jamesnaughton,Crime Drama Mystery Thriller,"new york c miami, florida kidnap pay phon theft police st",oxygen,"Crime Drama Mystery Thriller new york c miami, florida kidnap pay phon theft police st mauratierney adrienbrody jamesnaughton richardshepard"
503736,zacksnyder,davebautista,ellapurnell,omarihardwick,Action Crime Horror Thriller,casino safe heist apocalyps zombi safecrack zombie apocalyps father daughter conflict father daughter relationship,army of the dead,Action Crime Horror Thriller casino safe heist apocalyps zombi safecrack zombie apocalyps father daughter conflict father daughter relationship davebautista ellapurnell omarihardwick zacksnyder
578701,taylorsheridan,angelinajolie,finnlittle,jonbernthal,Thriller Action,assassin based on novel or book neo-western wildfir,those who wish me dead,Thriller Action assassin based on novel or book neo-western wildfir angelinajolie finnlittle jonbernthal taylorsheridan
520663,joewright,amyadams,garyoldman,fredhechinger,Drama Crime Mystery Thriller,new york c based on novel or book murder neighbor car accid death mental il,the woman in the window,Drama Crime Mystery Thriller new york c based on novel or book murder neighbor car accid death mental il amyadams garyoldman fredhechinger joewright
602734,darrenlynnbousman,chrisrock,samuell.jackson,maxminghella,Horror Crime Mystery,polic sequel murder father son relationship,spiral,Horror Crime Mystery polic sequel murder father son relationship chrisrock samuell.jackson maxminghella darrenlynnbousman
339395,christophwaltz,christophwaltz,annettebening,vanessaredgrave,Crime Drama,,georgetown,Crime Drama  christophwaltz annettebening vanessaredgrave christophwaltz
769749,brianbaugh,rosereid,jedidiahgoodacre,katherinemcnamara,Romance Drama,grief ireland christian film,finding you,Romance Drama grief ireland christian film rosereid jedidiahgoodacre katherinemcnamara brianbaugh
653712,robertmachoian,claynecrawford,sepidehmoafi,chriscoy,Drama Thriller,parent,the killing of two lovers,Drama Thriller parent claynecrawford sepidehmoafi chriscoy robertmachoian
738057,danteyore,ericroberts,jasminewaltz,jessicachancellor,Horror Action,,616 wilford lane,Horror Action  ericroberts jasminewaltz jessicachancellor danteyore
603206,euroslyn,tonicollette,owenteale,damianlewis,Comedy Drama,hors sport based on true stori,dream horse,Comedy Drama hors sport based on true stori tonicollette owenteale damianlewis euroslyn
653659,estebanarango,moisésarias,mateoarias,danieldaekim,Drama,,blast beat,Drama  moisésarias mateoarias danieldaekim estebanarango
520763,johnkrasinski,emilyblunt,cillianmurphy,millicentsimmonds,Science Fiction Thriller Horror,post-apocalyptic futur alien life-form sequel alien psychological thril creatur alien invas survival horror human vs alien sign languag alien attack,a quiet place part ii,Science Fiction Thriller Horror post-apocalyptic futur alien life-form sequel alien psychological thril creatur alien invas survival horror human vs alien sign languag alien attack emilyblunt cillianmurphy millicentsimmonds johnkrasinski
337404,craiggillespie,emmastone,emmathompson,joelfry,Comedy Crime,1970s anti hero villain fashion design fashion origin stori,cruella,Comedy Crime 1970s anti hero villain fashion design fashion origin stori emmastone emmathompson joelfry craiggillespie
44282,marcoberger,manuelvignau,damiáncanduci,arielnuñezdicroce,Comedy Drama Romance,gay,plan b,Comedy Drama Romance gay manuelvignau damiáncanduci arielnuñezdicroce marcoberger
597593,michaelbarnett,mackbeggs,sarahrosehuckman,andrayayearwood,Documentary,,changing the game,Documentary  mackbeggs sarahrosehuckman andrayayearwood michaelbarnett
637693,elainebogan,isabelamerced,juliannemoore,marsaimartin,Animation Adventure Family Western,hors female protagonist anim reboot,spirit untamed,Animation Adventure Family Western hors female protagonist anim reboot isabelamerced juliannemoore marsaimartin elainebogan
423108,michaelchaves,patrickwilson,verafarmiga,ruairío'connor,Horror Mystery Thriller,exorc supernatur sequel 1980s religious horror,the conjuring: the devil made me do it,Horror Mystery Thriller exorc supernatur sequel 1980s religious horror patrickwilson verafarmiga ruairío'connor michaelchaves
514995,nabilelderkin,kelvinharrisonjr.,jacoblatimore,charlieplummer,Drama Crime,,gully,Drama Crime  kelvinharrisonjr. jacoblatimore charlieplummer nabilelderkin
522406,christophermacbride,dylano'brien,hannahgross,emorycohen,Thriller,time travel mysteri journey,flashback,Thriller time travel mysteri journey dylano'brien hannahgross emorycohen christophermacbride
813858,toddrandall,milogibson,laurencefishburne,abigailhawk,Drama,,under the stadium lights,Drama  milogibson laurencefishburne abigailhawk toddrandall
347616,sebastiansiegel,menasuvari,stuarttownsend,francesfisher,Drama Comedy Romance,biographi,grace and grit,Drama Comedy Romance biographi menasuvari stuarttownsend francesfisher sebastiansiegel
615658,markraso,ginarodriguez,arianagreenblatt,luciushoyos,Drama Science Fiction Thriller,apocalyps sleep depriv,awake,Drama Science Fiction Thriller apocalyps sleep depriv ginarodriguez arianagreenblatt luciushoyos markraso
467909,jonm.chu,anthonyramos,coreyhawkins,lesliegrace,Drama Music Romance,based on play or mus aftercreditssting,in the heights,Drama Music Romance based on play or mus aftercreditssting anthonyramos coreyhawkins lesliegrace jonm.chu
581726,antoinefuqua,markwahlberg,chiwetelejiofor,sophiecookson,Science Fiction Action Thriller,based on novel or book reincarn,infinite,Science Fiction Action Thriller based on novel or book reincarn markwahlberg chiwetelejiofor sophiecookson antoinefuqua
522478,willgluck,jamescorden,rosebyrne,domhnallgleeson,Family Comedy Adventure Animation Fantasy,,peter rabbit 2: the runaway,Family Comedy Adventure Animation Fantasy  jamescorden rosebyrne domhnallgleeson willgluck
550205,chrisappelhans,jimmywong,johncho,constancewu,Animation Family Comedy Fantasy,dragon,wish dragon,Animation Family Comedy Fantasy dragon jimmywong johncho constancewu chrisappelhans
581644,rennyharlin,piercebrosnan,jamiechung,timroth,Action Thriller,heist,the misfits,Action Thriller heist piercebrosnan jamiechung timroth rennyharlin
625169,tyroberts,lukewilson,vinessashaw,martinsheen,History Drama Action,american footbal based on novel or book war veteran orphanag based on true stori flashback orphan aftercreditssting 1940s 1930s,12 mighty orphans,History Drama Action american footbal based on novel or book war veteran orphanag based on true stori flashback orphan aftercreditssting 1940s 1930s lukewilson vinessashaw martinsheen tyroberts
583116,deontaylor,mikeepps,kattwilliams,breshawebb,Comedy Horror,,the house next door: meet the blacks 2,Comedy Horror  mikeepps kattwilliams breshawebb deontaylor
553592,michaellembeck,ellenburstyn,jamescaan,ann-margret,Romance Comedy,,queen bees,Romance Comedy  ellenburstyn jamescaan ann-margret michaellembeck
839017,barondavis,davidarquette,snoopdogg,tom'tiny'listerjr.,Comedy,,domino: battle of the bones,Comedy  davidarquette snoopdogg tom'tiny'listerjr. barondavis
522931,patrickhughes,ryanreynolds,samuell.jackson,salmahayek,Action Comedy Thriller,hitman sequel,hitman's wife's bodyguard,Action Comedy Thriller hitman sequel ryanreynolds samuell.jackson salmahayek patrickhughes
508943,enricocasarosa,jacobtremblay,jackdylangrazer,emmaberman,Animation Comedy Family Fantasy,monster friendship friend coming of ag 1950s,luca,Animation Comedy Family Fantasy monster friendship friend coming of ag 1950s jacobtremblay jackdylangrazer emmaberman enricocasarosa
607259,paulweitz,kevinhart,melodyhurd,alfrewoodard,Drama Comedy,babi,fatherhood,Drama Comedy babi kevinhart melodyhurd alfrewoodard paulweitz
624481,jimmygiannopoulos,shilohfernandez,ewanmcgregor,valkilmer,Crime Thriller,,the birthday cake,Crime Thriller  shilohfernandez ewanmcgregor valkilmer jimmygiannopoulos
776526,mariempérezriera,ritamoreno,lin-manuelmiranda,morganfreeman,Documentary,,rita moreno: just a girl who decided to go for it,Documentary  ritamoreno lin-manuelmiranda morganfreeman mariempérezriera
776485,edgarwright,ronmael,russellmael,beck,Documentary Music,,the sparks brothers,Documentary Music  ronmael russellmael beck edgarwright
730081,lisaimmordinovreeland,jimparsons,zacharyquinto,trumancapote,Documentary,new york c theater play lgbt woman director portrait of an artist,truman & tennessee: an intimate conversation,Documentary new york c theater play lgbt woman director portrait of an artist jimparsons zacharyquinto trumancapote lisaimmordinovreeland
1004130,stevejohnson,sophieskelton,stuartbrennan,brethart,Horror Thriller,,stalker,Horror Thriller  sophieskelton stuartbrennan brethart stevejohnson
695396,jamieadams,aliashawkat,eizagonzález,chanelcresswell,Comedy Drama Music,,love spreads,Comedy Drama Music  aliashawkat eizagonzález chanelcresswell jamieadams
763040,[],,,,Documentary,,a crime on the bayou,
823461,kimgatewood,ilizashlesinger,ryanhansen,margaretcho,Comedy Romance,,good on paper,Comedy Romance  ilizashlesinger ryanhansen margaretcho kimgatewood
385128,justinlin,vindiesel,michellerodriguez,tyresegibson,Action Adventure Crime Thriller,sequel family relationship brother brother relationship,f9,Action Adventure Crime Thriller sequel family relationship brother brother relationship vindiesel michellerodriguez tyresegibson justinlin
646207,jonathanhensleigh,liamneeson,marcusthomas,laurencefishburne,Action Thriller,,the ice road,Action Thriller  liamneeson marcusthomas laurencefishburne jonathanhensleigh
800497,joshruben,samrichardson,milanavayntrub,georgebasil,Horror Comedy,isol murder werewolf power outag based on video gam,werewolves within,Horror Comedy isol murder werewolf power outag based on video gam samrichardson milanavayntrub georgebasil joshruben
591634,johnlee,ilanaglazer,justintheroux,piercebrosnan,Horror Mystery Thriller,pregnanc,false positive,Horror Mystery Thriller pregnanc ilanaglazer justintheroux piercebrosnan johnlee
693827,eytanrockaway,harveykeitel,samworthington,johnmagaro,Crime Drama Thriller,gangster crime boss organized crim,lansky,Crime Drama Thriller gangster crime boss organized crim harveykeitel samworthington johnmagaro eytanrockaway
653594,heidiewing,armandoespitia,christianvázquez,michellerodríguez,Drama,american dream long chef lgbt love stori memori gay,i carry you with me,Drama american dream long chef lgbt love stori memori gay armandoespitia christianvázquez michellerodríguez heidiewing
835860,vanessaroth,maryj.blige,seancombs,tarajip.henson,Documentary Music,,mary j. blige's my life,Documentary Music  maryj.blige seancombs tarajip.henson vanessaroth
819024,drewxanthopoulos,ellengarland,michellefournet,,Documentary,,fathom,
45022,kevinasch,jesseeisenberg,justinbartha,dannya.abeckaser,Crime Drama,,rollers,Crime Drama  jesseeisenberg justinbartha dannya.abeckaser kevinasch
739542,mattthompson,channingtatum,jasonmantzoukas,oliviamunn,Animation Action Comedy,,america: the motion picture,Animation Action Comedy  channingtatum jasonmantzoukas oliviamunn mattthompson
539565,janiczabravo,taylourpaige,rileykeough,colmandomingo,Comedy Crime,florida based on true stori road movi woman director sex work,zola,Comedy Crime florida based on true stori road movi woman director sex work taylourpaige rileykeough colmandomingo janiczabravo
649409,stevensoderbergh,doncheadle,beniciodeltoro,davidharbour,Crime Drama Mystery,detect safe organized crim gang 1950s,no sudden move,Crime Drama Mystery detect safe organized crim gang 1950s doncheadle beniciodeltoro davidharbour stevensoderbergh
588228,chrismckay,chrispratt,yvonnestrahovski,j.k.simmons,Action Science Fiction Adventure,time travel global warm alien invas militari future war father son relationship father daughter relationship,the tomorrow war,Action Science Fiction Adventure time travel global warm alien invas militari future war father son relationship father daughter relationship chrispratt yvonnestrahovski j.k.simmons chrismckay
459151,tommcgrath,alecbaldwin,jamesmarsden,amysedaris,Animation Comedy Adventure Family,babi sequel famili stereoscop 3d,the boss baby: family business,Animation Comedy Adventure Family babi sequel famili stereoscop 3d alecbaldwin jamesmarsden amysedaris tommcgrath
602223,everardogout,anadelareguera,tenochhuertamejía,joshlucas,Horror Action Thriller,sequel prequel murder,the forever purge,Horror Action Thriller sequel prequel murder anadelareguera tenochhuertamejía joshlucas everardogout
591273,leighjaniak,kianamadeira,oliviascottwelch,benjaminfloresjr.,Mystery Horror,witch based on novel or book murder curs drug witchcraft lgbt 1990s,fear street part one: 1994,Mystery Horror witch based on novel or book murder curs drug witchcraft lgbt 1990s kianamadeira oliviascottwelch benjaminfloresjr. leighjaniak
776527,questlove,steviewonder,lin-manuelmiranda,chrisrock,Documentary Music History,1960s african american histori,summer of soul,Documentary Music History 1960s african american histori steviewonder lin-manuelmiranda chrisrock questlove
672741,skdale,meganfox,eoinmacken,amlameen,Horror Thriller,suicid husband wife relationship infidel winter murder lawyer trap lake hous,till death,Horror Thriller suicid husband wife relationship infidel winter murder lawyer trap lake hous meganfox eoinmacken amlameen skdale
629227,craigmoss,makenziemoss,sadiestanley,mackenzieziegler,Science Fiction Thriller,,let us in,Science Fiction Thriller  makenziemoss sadiestanley mackenzieziegler craigmoss
497698,cateshortland,scarlettjohansson,florencepugh,rachelweisz,Action Adventure Science Fiction,spi assassin hero based on com female assassin marvel cinematic universe (mcu) woman director,black widow,Action Adventure Science Fiction spi assassin hero based on com female assassin marvel cinematic universe (mcu) woman director scarlettjohansson florencepugh rachelweisz cateshortland
591274,leighjaniak,sadiesink,emilyrudd,ryansimpkins,Mystery Horror,based on novel or book 1970s curs witchcraft,fear street part two: 1978,Mystery Horror based on novel or book 1970s curs witchcraft sadiesink emilyrudd ryansimpkins leighjaniak
50363,davidlean,katharinehepburn,rossanobrazzi,isamiranda,Drama Romance Comedy,long vacat love young boy,summertime,Drama Romance Comedy long vacat love young boy katharinehepburn rossanobrazzi isamiranda davidlean
574060,navotpapushado,karengillan,lenaheadey,chloecoleman,Action Crime Thriller,assassin mother daughter estrang,gunpowder milkshake,Action Crime Thriller assassin mother daughter estrang karengillan lenaheadey chloecoleman navotpapushado
379686,malcolmd.lee,lebronjames,doncheadle,cedricjoe,Family Animation Comedy Science Fiction,sport cartoon live action and anim,space jam: a new legacy,Family Animation Comedy Science Fiction sport cartoon live action and anim lebronjames doncheadle cedricjoe malcolmd.lee
585216,adamrobitel,taylorrussell,loganmiller,indyamoore,Horror Thriller Mystery,sequel,escape room: tournament of champions,Horror Thriller Mystery sequel taylorrussell loganmiller indyamoore adamrobitel
591275,leighjaniak,kianamadeira,ashleyzukerman,gillianjacobs,Mystery Horror,based on novel or book curs witchcraft,fear street part three: 1666,Mystery Horror based on novel or book curs witchcraft kianamadeira ashleyzukerman gillianjacobs leighjaniak
481879,collinschiffli,diegoboneta,alexandradaddario,travisfimmel,Action Comedy Romance,,die in a gunfight,Action Comedy Romance  diegoboneta alexandradaddario travisfimmel collinschiffli
635731,michaelsarnoski,nicolascage,alexwolff,adamarkin,Drama Thriller,loss of loved on grief chef pet,pig,Drama Thriller loss of loved on grief chef pet nicolascage alexwolff adamarkin michaelsarnoski
774714,mikeburns,jaimeking,brucewillis,lalakent,Action Thriller,,out of death,Action Thriller  jaimeking brucewillis lalakent mikeburns
642732,morganneville,anthonybourdain,nancybourdain,joelrose,Documentary,memori,roadrunner: a film about anthony bourdain,Documentary memori anthonybourdain nancybourdain joelrose morganneville
475210,davidm.rosenthal,theojames,forestwhitaker,katgraham,Science Fiction Thriller Mystery Action Adventure,"chicago, illinoi seattle, usa pregnanc road trip murder apocalyps power outag",how it ends,"Science Fiction Thriller Mystery Action Adventure chicago, illinoi seattle, usa pregnanc road trip murder apocalyps power outag theojames forestwhitaker katgraham davidm.rosenthal"
730840,andrewl.schmidt,emilehirsch,leximedrano,charliesaxton,Animation Fantasy Family Action Adventure,,trollhunters: rise of the titans,Animation Fantasy Family Action Adventure  emilehirsch leximedrano charliesaxton andrewl.schmidt
568620,robertschwentke,henrygolding,andrewkoji,harukaabe,Action Adventure,prequel based on toy based on tv seri,snake eyes,Action Adventure prequel based on toy based on tv seri henrygolding andrewkoji harukaabe robertschwentke
631843,m.nightshyamalan,gaelgarcíabernal,vickykrieps,rufussewell,Thriller Mystery Horror,beach murder famili secret experi,old,Thriller Mystery Horror beach murder famili secret experi gaelgarcíabernal vickykrieps rufussewell m.nightshyamalan
552269,reinaldomarcusgreen,markwahlberg,reidmiller,conniebritton,Drama Adventure,suicid high school bulli based on true stori flashback lgbt grieving fath gay,joe bell,Drama Adventure suicid high school bulli based on true stori flashback lgbt grieving fath gay markwahlberg reidmiller conniebritton reinaldomarcusgreen
617502,tanyawexler,katebeckinsale,stanleytucci,bobbycannavale,Action Thriller,woman director,jolt,Action Thriller woman director katebeckinsale stanleytucci bobbycannavale tanyawexler
693113,randallemmett,meganfox,brucewillis,emilehirsch,Crime Mystery Thriller Action,fbi based on true stori thriller serial kil,midnight in the switchgrass,Crime Mystery Thriller Action fbi based on true stori thriller serial kil meganfox brucewillis emilehirsch randallemmett
528360,petersattler,benplatt,lolakirke,debshoward,Drama,,broken diamonds,Drama  benplatt lolakirke debshoward petersattler
834027,leoscott,valkilmer,jackkilmer,mercedeskilmer,Documentary,hollywood,val,Documentary hollywood valkilmer jackkilmer mercedeskilmer leoscott
776519,jamilawignot,robertbattle,rennieharris,darrinross,Documentary,,ailey,Documentary  robertbattle rennieharris darrinross jamilawignot
451048,jaumecollet-serra,dwaynejohnson,emilyblunt,edgarramírez,Action Adventure Fantasy,1910s,jungle cruise,Action Adventure Fantasy 1910s dwaynejohnson emilyblunt edgarramírez jaumecollet-serra
449406,kirkdemicco,lin-manuelmiranda,ynairalysimo,zoesaldaña,Animation Family Comedy,music anim,vivo,Animation Family Comedy music anim lin-manuelmiranda ynairalysimo zoesaldaña kirkdemicco
616651,tommccarthy,mattdamon,camillecottin,abigailbreslin,Drama Crime Thriller,father daughter relationship,stillwater,Drama Crime Thriller father daughter relationship mattdamon camillecottin abigailbreslin tommccarthy
559907,davidlowery,devpatel,aliciavikander,joeledgerton,Adventure Drama Fantasy,winter aftercreditssting decapitated head christma myth,the green knight,Adventure Drama Fantasy winter aftercreditssting decapitated head christma myth devpatel aliciavikander joeledgerton davidlowery
607430,edsonoda,winstonduke,zaziebeetz,benedictwong,Drama Fantasy,,nine days,Drama Fantasy  winstonduke zaziebeetz benedictwong edsonoda
830991,trento'donnell,jakejohnson,susansarandon,d'arcycarden,Comedy Drama,mother son relationship,ride the eagle,Comedy Drama mother son relationship jakejohnson susansarandon d'arcycarden trento'donnell
653568,bradenking,philipettinger,stacymartin,cosmojarvis,Drama,,the evening hour,Drama  philipettinger stacymartin cosmojarvis bradenking
692989,sabrinadoyle,pabloschreiber,jenamalone,chancellorperry,Drama,,lorelei,Drama  pabloschreiber jenamalone chancellorperry sabrinadoyle
698495,soniakennebeck,joelwidman,nemobaletic,angelabarbosa,Documentary,,enemies of the state,Documentary  joelwidman nemobaletic angelabarbosa soniakennebeck
436969,jamesgunn,margotrobbie,idriselba,johncena,Action Comedy Adventure,monster anti hero superhero based on com alien betray giant monst alien invas parasit world domin aftercreditssting dc extended univers,the suicide squad,Action Comedy Adventure monster anti hero superhero based on com alien betray giant monst alien invas parasit world domin aftercreditssting dc extended univers margotrobbie idriselba johncena jamesgunn
624789,chasepalmer,johnboyega,oliviacooke,billskarsgård,Crime Drama,based on novel or book heist,naked singularity,Crime Drama based on novel or book heist johnboyega oliviacooke billskarsgård chasepalmer
682532,pascualsisto,charlieshotwell,taissafarmiga,jenniferehle,Drama Thriller,massachusett bunker family relationship coming of ag based on short stori abduct,john and the hole,Drama Thriller massachusett bunker family relationship coming of ag based on short stori abduct charlieshotwell taissafarmiga jenniferehle pascualsisto
12628,andywilson,davidduchovny,timothyhutton,angelinajolie,Drama Action Thriller Crime,"drug addict fbi los angeles, california drug",playing god,"Drama Action Thriller Crime drug addict fbi los angeles, california drug davidduchovny timothyhutton angelinajolie andywilson"
765245,benjamincleary,mahershalaali,naomieharris,awkwafina,Drama Science Fiction,futur afterlif implanted memori replica,swan song,Drama Science Fiction futur afterlif implanted memori replica mahershalaali naomieharris awkwafina benjamincleary
639848,nickcannon,nickcannon,melodyrae,evanross,Drama,,she ball,Drama  nickcannon melodyrae evanross nickcannon
727745,vincemarcello,joeyking,joelcourtney,jacobelordi,Romance Comedy,based on novel or book sequel,the kissing booth 3,Romance Comedy based on novel or book sequel joeyking joelcourtney jacobelordi vincemarcello
776523,peternicks,denilsongaribo,libbyschaaf,,Documentary,covid-19,homeroom,
550988,shawnlevy,ryanreynolds,jodiecomer,joekeery,Comedy Adventure Science Fiction,video gam artificial intellig hero virtual r bank robberi bank tel,free guy,Comedy Adventure Science Fiction video gam artificial intellig hero virtual r bank robberi bank tel ryanreynolds jodiecomer joekeery shawnlevy
592863,liesltommy,jenniferhudson,forestwhitaker,marlonwayans,Drama Music History,pop sing biographi,respect,Drama Music History pop sing biographi jenniferhudson forestwhitaker marlonwayans liesltommy
597433,ferdinandocitofilomarino,johndavidwashington,vickykrieps,panoskoronis,Crime Mystery Thriller,greec car accid,beckett,Crime Mystery Thriller greec car accid johndavidwashington vickykrieps panoskoronis ferdinandocitofilomarino
482373,rodosayagues,stephenlang,brendansextoniii,madelyngrace,Thriller Horror,sequel home invas crimin,don't breathe 2,Thriller Horror sequel home invas crimin stephenlang brendansextoniii madelyngrace rodosayagues
776503,siânheder,emiliajones,marleematlin,troykotsur,Drama Music Romance,parent child relationship massachusett remak coming of ag sing famili woman director sign languag teenag,coda,Drama Music Romance parent child relationship massachusett remak coming of ag sing famili woman director sign languag teenag emiliajones marleematlin troykotsur siânheder
736117,nicholasbruckman,adybarkan,elizabethjaff,rachaelking,Documentary,,not going quietly,Documentary  adybarkan elizabethjaff rachaelking nicholasbruckman
675445,calbrunker,iainarmitage,lillybartlam,willbrisbin,Animation Family Adventure Comedy,cartoon,paw patrol: the movie,Animation Family Adventure Comedy cartoon iainarmitage lillybartlam willbrisbin calbrunker
579047,lisajoy,hughjackman,rebeccaferguson,thandiwenewton,Mystery Science Fiction,"miami, florida drug addict new orleans, louisiana murder flashback woman director neo-noir",reminiscence,"Mystery Science Fiction miami, florida drug addict new orleans, louisiana murder flashback woman director neo-noir hughjackman rebeccaferguson thandiwenewton lisajoy"
645788,martincampbell,maggieq,samuell.jackson,michaelkeaton,Action Thriller,assassin female assassin mentor protégé relationship,the protégé,Action Thriller assassin female assassin mentor protégé relationship maggieq samuell.jackson michaelkeaton martincampbell
619297,brianandrewmendoza,jasonmomoa,isabelamerced,manuelgarcia-rulfo,Action Thriller Drama,fight daughter father safe famili death parent,sweet girl,Action Thriller Drama fight daughter father safe famili death parent jasonmomoa isabelamerced manuelgarcia-rulfo brianandrewmendoza
410113,daveneedham,asherbishop,catherinetaber,lilianamumy,Animation Family Comedy Adventure Fantasy,music,the loud house movie,Animation Family Comedy Adventure Fantasy music asherbishop catherinetaber lilianamumy daveneedham
547565,davidbruckner,rebeccahall,sarahgoldberg,vondiecurtis-hall,Drama Horror Mystery Thriller,nightmar widow forest grief new york st lake hous,the night house,Drama Horror Mystery Thriller nightmar widow forest grief new york st lake hous rebeccahall sarahgoldberg vondiecurtis-hall davidbruckner
662712,seanpenn,seanpenn,dylanpenn,hopperpenn,Drama Thriller Crime,based on novel or book bank robb daughter father based on true stori,flag day,Drama Thriller Crime based on novel or book bank robb daughter father based on true stori seanpenn dylanpenn hopperpenn seanpenn
776660,dashshaw,lakebell,michaelcera,alexkarpovsky,Animation Fantasy,,cryptozoo,Animation Fantasy  lakebell michaelcera alexkarpovsky dashshaw
682376,janellshirtcliff,bellathorne,andrejapejić,gavinrossdale,Crime Thriller Comedy,,habit,Crime Thriller Comedy  bellathorne andrejapejić gavinrossdale janellshirtcliff
774021,neillblomkamp,carlypope,nathalieboltt,chriswilliammartin,Drama Horror Science Fiction,exorc demonic possess mother daughter estrang,demonic,Drama Horror Science Fiction exorc demonic possess mother daughter estrang carlypope nathalieboltt chriswilliammartin neillblomkamp
335778,kevinreynolds,josephfiennes,peterfirth,cliffcurtis,Action History Adventure Drama,christian based on novel or book faith religion judaism,risen,Action History Adventure Drama christian based on novel or book faith religion judaism josephfiennes peterfirth cliffcurtis kevinreynolds
666243,hankwang-il,theojames,marymcdonnell,larapulver,Animation Action Fantasy,monster magic creatur,the witcher: nightmare of the wolf,Animation Action Fantasy monster magic creatur theojames marymcdonnell larapulver hankwang-il
665894,angelkristiwilliams,kofisiriboe,yoothawong-loi-sing,uzoaduba,Romance Drama,,really love,Romance Drama  kofisiriboe yoothawong-loi-sing uzoaduba angelkristiwilliams
565028,niadacosta,yahyaabdul-mateenii,teyonahparris,colmandomingo,Horror Mystery Thriller,sequel murder,candyman,Horror Mystery Thriller sequel murder yahyaabdul-mateenii teyonahparris colmandomingo niadacosta
653349,claytarver,johncena,lilrelhowery,meredithhagner,Comedy,mexico married coupl usa–mexico bord vacat drug,vacation friends,Comedy mexico married coupl usa–mexico bord vacat drug johncena lilrelhowery meredithhagner claytarver
347626,markwaters,addisonrae,tannerbuchanan,madisonpettis,Comedy Romance,high school remak social media influenc,he's all that,Comedy Romance high school remak social media influenc addisonrae tannerbuchanan madisonpettis markwaters
716594,ambersealey,elijahwood,lukekirby,aleksapalladino,Crime History Drama,prison confess florida based on true stori serial kil 1980s fbi ag,no man of god,Crime History Drama prison confess florida based on true stori serial kil 1980s fbi ag elijahwood lukekirby aleksapalladino ambersealey
828305,vibekemuasya,siobhanfallonhogan,robertpatrick,jakeweary,Thriller Drama,,rushed,Thriller Drama  siobhanfallonhogan robertpatrick jakeweary vibekemuasya
785457,stephenherek,victoriajustice,midorifrancis,robynscott,Fantasy Comedy Drama,,afterlife of the party,Fantasy Comedy Drama  victoriajustice midorifrancis robynscott stephenherek
566525,destindanielcretton,simuliu,tonyleungchiu-wai,awkwafina,Action Adventure Fantasy,superhero based on com mixed martial art east asian lead aftercreditssting duringcreditssting marvel cinematic universe (mcu) father son relationship stereoscop 3d,shang-chi and the legend of the ten rings,Action Adventure Fantasy superhero based on com mixed martial art east asian lead aftercreditssting duringcreditssting marvel cinematic universe (mcu) father son relationship stereoscop 3d simuliu tonyleungchiu-wai awkwafina destindanielcretton
11224,hamiltonluske,ilenewoods,eleanoraudley,vernafelton,Family Fantasy Animation Romance,loss of loved on based on novel or book princ music princess love orphan famili,cinderella,Family Fantasy Animation Romance loss of loved on based on novel or book princ music princess love orphan famili ilenewoods eleanoraudley vernafelton hamiltonluske
649394,saracolangelo,michaelkeaton,amyryan,stanleytucci,History Drama,based on true stori,worth,History Drama based on true stori michaelkeaton amyryan stanleytucci saracolangelo
713711,michelecivetta,sheawhigham,oliviamunn,tarynmanning,Crime Drama Action,drug deal,the gateway,Crime Drama Action drug deal sheawhigham oliviamunn tarynmanning michelecivetta
656991,lylemitchellcorbinejr.,michaelgreyeyes,chaskespencer,katebosworth,Crime Drama Thriller,native american,wild indian,Crime Drama Thriller native american michaelgreyeyes chaskespencer katebosworth lylemitchellcorbinejr.
769364,seankingo'grady,sierramccormick,vinessashaw,pathealy,Horror Mystery,based on novel or book guilt witchcraft family conflict,we need to do something,Horror Mystery based on novel or book guilt witchcraft family conflict sierramccormick vinessashaw pathealy seankingo'grady
597891,cedricnicolas-troyan,maryelizabethwinstead,mikumartineau,woodyharrelson,Action,poison assassin reveng female assassin,kate,Action poison assassin reveng female assassin maryelizabethwinstead mikumartineau woodyharrelson cedricnicolas-troyan
624899,jonathanbutterell,maxharwood,sarahlancashire,laurenpatel,Drama Comedy,music based on play or mus lgbt gay,everybody's talking about jamie,Drama Comedy music based on play or mus lgbt gay maxharwood sarahlancashire laurenpatel jonathanbutterell
619778,jameswan,annabellewallis,maddiehasson,georgeyoung,Horror Mystery Thriller,"detect monster seattle, usa murder serial kil hospit murder mysteri",malignant,"Horror Mystery Thriller detect monster seattle, usa murder serial kil hospit murder mysteri annabellewallis maddiehasson georgeyoung jameswan"
628914,arongaudet,kristenbell,kirbyhowell-baptiste,vincevaughn,Comedy Crime,,queenpins,Comedy Crime  kristenbell kirbyhowell-baptiste vincevaughn arongaudet
643532,paulschrader,oscarisaac,tiffanyhaddish,tyesheridan,Drama Crime Thriller,gambl casino reveng murder flashback tortur ex soldi,the card counter,Drama Crime Thriller gambl casino reveng murder flashback tortur ex soldi oscarisaac tiffanyhaddish tyesheridan paulschrader
727333,christopherashley,jenncolella,joelhatch,tonylepage,Comedy Drama,music broadway mus,come from away,Comedy Drama music broadway mus jenncolella joelhatch tonylepage christopherashley
645710,michaelmohan,sydneysweeney,justicesmith,benhardy,Thriller,photograph infidel erotic voyeur,the voyeurs,Thriller photograph infidel erotic voyeur sydneysweeney justicesmith benhardy michaelmohan
665896,johnpollono,jonbernthal,sheawhigham,jordanaspiro,Drama Thriller Comedy,drug deal reveng drug ex-con drunken christma father daughter relationship,small engine repair,Drama Thriller Comedy drug deal reveng drug ex-con drunken christma father daughter relationship jonbernthal sheawhigham jordanaspiro johnpollono
795530,nataliemorales,nataliemorales,markduplass,deseanterry,Drama Comedy Romance,grief woman director,language lessons,Drama Comedy Romance grief woman director nataliemorales markduplass deseanterry nataliemorales
858385,rickaltizer,jimdaly,eddiegeorge,jonathanevans,Documentary,christian film,show me the father,Documentary christian film jimdaly eddiegeorge jonathanevans rickaltizer
859860,michaelfeifer,jaypickett,peterfacinelli,tomskerritt,Western Action,,catch the bullet,Western Action  jaypickett peterfacinelli tomskerritt michaelfeifer
656609,jonahfeingold,jaboukieyoung-white,francescareale,catherinecohen,Comedy Romance,,dating and new york,Comedy Romance  jaboukieyoung-white francescareale catherinecohen jonahfeingold
520963,scottb.hansen,zachgalligan,coreytaylor,derekrusso,Horror,monster halloween antholog creatur,bad candy,Horror monster halloween antholog creatur zachgalligan coreytaylor derekrusso scottb.hansen
858097,kevint.morales,bridgetmcgarry,victorialeigh,johngargan,Comedy Drama,,generation wrecks,Comedy Drama  bridgetmcgarry victorialeigh johngargan kevint.morales
750253,christiancarion,jamesmcavoy,clairefoy,tomcullen,Thriller Mystery Drama Crime,ireland,my son,Thriller Mystery Drama Crime ireland jamesmcavoy clairefoy tomcullen christiancarion
739990,davidyarovesky,winslowfegley,lidyajewett,krystenritter,Fantasy Family Horror,witch cat,nightbooks,Fantasy Family Horror witch cat winslowfegley lidyajewett krystenritter davidyarovesky
468225,theodoremelfi,melissamccarthy,chriso'dowd,kevinkline,Drama,marriag friendship grief,the starling,Drama marriag friendship grief melissamccarthy chriso'dowd kevinkline theodoremelfi
601470,michaelshowalter,jessicachastain,andrewgarfield,cherryjones,Drama History,biographi based on true stori,the eyes of tammy faye,Drama History biographi based on true stori jessicachastain andrewgarfield cherryjones michaelshowalter
749274,clinteastwood,clinteastwood,eduardominett,nataliatraven,Drama Western,mexico based on novel or book 1970s kidnap neo-western,cry macho,Drama Western mexico based on novel or book 1970s kidnap neo-western clinteastwood eduardominett nataliatraven clinteastwood
738652,joecarnahan,gerardbutler,frankgrillo,alexislouder,Thriller Crime Action,hitman polic shootout police st,copshop,Thriller Crime Action hitman polic shootout police st gerardbutler frankgrillo alexislouder joecarnahan
644089,justinchon,justinchon,aliciavikander,marko'brien,Drama,east asian lead famili korean american korean asian american,blue bayou,Drama east asian lead famili korean american korean asian american justinchon aliciavikander marko'brien justinchon
523638,sionsono,nicolascage,sofiaboutella,billmoseley,Action Fantasy Horror Western Drama Comedy Crime Science Fiction Adventure,curs crimin,prisoners of the ghostland,Action Fantasy Horror Western Drama Comedy Crime Science Fiction Adventure curs crimin nicolascage sofiaboutella billmoseley sionsono
669659,linaroessler,michaelcaine,aubreyplaza,scottspeedman,Comedy Drama,,best sellers,Comedy Drama  michaelcaine aubreyplaza scottspeedman linaroessler
761388,justinlong,melanielynskey,judygreer,justinlong,Comedy Fantasy,,lady of the manor,Comedy Fantasy  melanielynskey judygreer justinlong justinlong
653572,billbenz,st.vincent,carriebrownstein,ezrabuzzington,Comedy Drama Music,,the nowhere inn,Comedy Drama Music  st.vincent carriebrownstein ezrabuzzington billbenz
776589,juliecohen,patriciabell-scott,doloreschandler,brittneycooper,Documentary,,my name is pauli murray,Documentary  patriciabell-scott doloreschandler brittneycooper juliecohen
647557,davidmidell,frankiefaison,enriconatale,benmarten,Mystery Thriller Drama,polic based on true stori racism new york st,the killing of kenneth chamberlain,Mystery Thriller Drama polic based on true stori racism new york st frankiefaison enriconatale benmarten davidmidell
785752,adamsalky,freidapinto,loganmarshall-green,robertjohnburke,Thriller,,intrusion,Thriller  freidapinto loganmarshall-green robertjohnburke adamsalky
597316,joséluisucha,vanessahudgens,kimikoglenn,jamesmarsden,Animation Family Fantasy Comedy Adventure,,my little pony: a new generation,Animation Family Fantasy Comedy Adventure  vanessahudgens kimikoglenn jamesmarsden joséluisucha
567690,stephenchbosky,benplatt,amyadams,kaitlyndever,Drama,suicid autism music high school grief based on play or mus guilt mental il mother son relationship,dear evan hansen,Drama suicid autism music high school grief based on play or mus guilt mental il mother son relationship benplatt amyadams kaitlyndever stephenchbosky
567748,antoinefuqua,jakegyllenhaal,ethanhawke,rileykeough,Drama Thriller,remak psychological thril police st one loc abduct wildfir,the guilty,Drama Thriller remak psychological thril police st one loc abduct wildfir jakegyllenhaal ethanhawke rileykeough antoinefuqua
667969,sarahadinasmith,dianasilvers,kristinefroseth,evalomby,Drama,danc,birds of paradise,Drama danc dianasilvers kristinefroseth evalomby sarahadinasmith
744275,castillelandon,josephinelangford,herofiennestiffin,louiselombard,Romance Drama,based on novel or book love woman director family tens,after we fell,Romance Drama based on novel or book love woman director family tens josephinelangford herofiennestiffin louiselombard castillelandon
580489,andyserkis,tomhardy,woodyharrelson,michellewilliams,Science Fiction Action Adventure,hero anti hero villain sequel superhero based on com aftercreditssting,venom: let there be carnage,Science Fiction Action Adventure hero anti hero villain sequel superhero based on com aftercreditssting tomhardy woodyharrelson michellewilliams andyserkis
524369,alantaylor,alessandronivola,leslieodomjr.,michaelgandolfini,Crime Drama,prequel gang crimin 1960s,the many saints of newark,Crime Drama prequel gang crimin 1960s alessandronivola leslieodomjr. michaelgandolfini alantaylor
639721,conradvernon,javonwalton,oscarisaac,snoopdogg,Animation Adventure Comedy Family Fantasy Horror,,the addams family 2,Animation Adventure Comedy Family Fantasy Horror  javonwalton oscarisaac snoopdogg conradvernon
802226,gigisaúlguerrero,adrianabarraza,l.scottcaldwell,claytonlandey,Thriller Horror,horror,bingo hell,Thriller Horror horror adrianabarraza l.scottcaldwell claytonlandey gigisaúlguerrero
767504,maritteleego,asjhacooper,fabrizioguido,craigtate,Horror Thriller,"new orleans, louisiana woman director",black as night,"Horror Thriller new orleans, louisiana woman director asjhacooper fabrizioguido craigtate maritteleego"
785663,potsyponciroli,timblakenelson,scotthaze,gavinlewis,Action Western Thriller,,old henry,Action Western Thriller  timblakenelson scotthaze gavinlewis potsyponciroli
837693,jonerwin,michaelw.smith,amygrant,kirkfranklin,Documentary Music,,the jesus music,Documentary Music  michaelw.smith amygrant kirkfranklin jonerwin
672521,karencinorre,gracevanpatten,miagoth,havanaroseliu,Mystery Fantasy Thriller Action Drama,,mayday,Mystery Fantasy Thriller Action Drama  gracevanpatten miagoth havanaroseliu karencinorre
793285,vancenull,davida.r.white,isaiahwashington,williamforsythe,Drama,christian faith religion,god's not dead: we the people,Drama christian faith religion davida.r.white isaiahwashington williamforsythe vancenull
512025,patrickbrice,sydneypark,théodorepellerin,asjhacooper,Thriller Horror Mystery,based on novel or book small town high school coming of ag serial kil female protagonist slasher murder home invas murder mysteri murder spre,there's someone inside your house,Thriller Horror Mystery based on novel or book small town high school coming of ag serial kil female protagonist slasher murder home invas murder mysteri murder spre sydneypark théodorepellerin asjhacooper patrickbrice
370172,caryjojifukunaga,danielcraig,ramimalek,léaseydoux,Adventure Action Thriller,poison spi based on novel or book mi6 famili parent,no time to die,Adventure Action Thriller poison spi based on novel or book mi6 famili parent danielcraig ramimalek léaseydoux caryjojifukunaga
261023,scottcooper,johnnydepp,joeledgerton,juliannenicholson,Drama Crime History,corrupt fbi gangster based on true stori murder organized crim pay phon 1980s,mass,Drama Crime History corrupt fbi gangster based on true stori murder organized crim pay phon 1980s johnnydepp joeledgerton juliannenicholson scottcooper
645861,aharonkeshales,jasonsudeikis,evangelinelilly,sheawhigham,Crime Thriller Drama Romance,,south of heaven,Crime Thriller Drama Romance  jasonsudeikis evangelinelilly sheawhigham aharonkeshales
767499,axellecarolyn,barbarahershey,nicholasalexander,brucedavison,Horror,,the manor,Horror  barbarahershey nicholasalexander brucedavison axellecarolyn
796428,ryanzaragoza,arianaguerra,tenochhuertamejía,elpidiacarrillo,Horror,,madres,Horror  arianaguerra tenochhuertamejía elpidiacarrillo ryanzaragoza
871858,michaeld.ratner,justinbieber,haileybieber,nickdemoura,Music Documentary,pop sing,justin bieber: our world,Music Documentary pop sing justinbieber haileybieber nickdemoura michaeld.ratner
787310,jamescullenbressack,chadmichaelmurray,swentemmel,brucewillis,Action Thriller Crime,,survive the game,Action Thriller Crime  chadmichaelmurray swentemmel brucewillis jamescullenbressack
610253,davidgordongreen,jamieleecurtis,judygreer,andimatichak,Horror Thriller,halloween vigilant sequel murder serial kil hospit slasher murder murder spre,halloween kills,Horror Thriller halloween vigilant sequel murder serial kil hospit slasher murder murder spre jamieleecurtis judygreer andimatichak davidgordongreen
617653,ridleyscott,mattdamon,adamdriver,jodiecomer,Action Drama History,based on novel or book based on true stori,the last duel,Action Drama History based on novel or book based on true stori mattdamon adamdriver jodiecomer ridleyscott
452019,johnridley,leslieodomjr.,freidapinto,cynthiaerivo,Science Fiction Romance,time travel,needle in a timestack,Science Fiction Romance time travel leslieodomjr. freidapinto cynthiaerivo johnridley
536208,justincorsbie,michaeldorman,sophiabush,rza,Romance Music Drama Thriller,love stori,hard luck love song,Romance Music Drama Thriller love stori michaeldorman sophiabush rza justincorsbie
795613,rachelfleit,selmablair,,,Documentary,,"introducing, selma blair",
543836,toddhaynes,loureed,johncale,sterlingmorrison,Documentary Music,,the velvet underground,Documentary Music  loureed johncale sterlingmorrison toddhaynes
669671,adamrandall,jorgelendeborgjr.,debbyryan,lucyfry,Horror Thriller Action,college stud,night teeth,Horror Thriller Action college stud jorgelendeborgjr. debbyryan lucyfry adamrandall
438631,denisvilleneuve,timothéechalamet,rebeccaferguson,oscarisaac,Science Fiction Adventure,propheci based on novel or book futur dystopia hallucinogen remak reveng space betray treason creatur mother son relationship stereoscop non-traditional cast,dune,Science Fiction Adventure propheci based on novel or book futur dystopia hallucinogen remak reveng space betray treason creatur mother son relationship stereoscop non-traditional cast timothéechalamet rebeccaferguson oscarisaac denisvilleneuve
482321,sarahsmith,zachgalifianakis,jackdylangrazer,edhelms,Animation Science Fiction Family Comedy,famili,ron's gone wrong,Animation Science Fiction Family Comedy famili zachgalifianakis jackdylangrazer edhelms sarahsmith
542178,wesanderson,beniciodeltoro,adrienbrody,tildaswinton,Comedy Drama Romance,poison 1970s artist antholog murder chef father son relationship,the french dispatch,Comedy Drama Romance poison 1970s artist antholog murder chef father son relationship beniciodeltoro adrienbrody tildaswinton wesanderson
618162,jeymessamuel,jonathanmajors,idriselba,reginaking,Western,prison reveng bank robberi cowboy,the harder they fall,Western prison reveng bank robberi cowboy jonathanmajors idriselba reginaking jeymessamuel
617762,willsharpe,benedictcumberbatch,clairefoy,andreariseborough,Drama History Comedy,,the electrical life of louis wain,Drama History Comedy  benedictcumberbatch clairefoy andreariseborough willsharpe
583081,agataalexander,alexpettyfer,aliceeve,annabelmullion,Science Fiction,,warning,Science Fiction  alexpettyfer aliceeve annabelmullion agataalexander
541524,rebeccahall,tessathompson,ruthnegga,andréholland,Drama,new york c based on novel or book racism black and whit woman director 1920s,passing,Drama new york c based on novel or book racism black and whit woman director 1920s tessathompson ruthnegga andréholland rebeccahall
864873,mattangel,katesiegel,jasono'mara,duléhill,Thriller Drama Horror,,hypnotic,Thriller Drama Horror  katesiegel jasono'mara duléhill mattangel
516329,scottcooper,kerirussell,jesseplemons,jeremythomas,Drama Horror Mystery,native american creatur based on short stori myth,antlers,Drama Horror Mystery native american creatur based on short stori myth kerirussell jesseplemons jeremythomas scottcooper
796499,matthiasschweighöfer,matthiasschweighöfer,nathalieemmanuel,rubyo.fee,Crime Comedy,interpol prequel zombi safecrack bank tel,army of thieves,Crime Comedy interpol prequel zombi safecrack bank tel matthiasschweighöfer nathalieemmanuel rubyo.fee matthiasschweighöfer
714195,amykoppelman,amandaseyfried,finnwittrock,brittrobertson,Drama,,a mouthful of air,Drama  amandaseyfried finnwittrock brittrobertson amykoppelman
473021,joannahogg,honorswintonbyrne,richardayoade,tildaswinton,Drama,sequel film in film filmmak woman director 1980s mother daughter relationship,the souvenir part ii,Drama sequel film in film filmmak woman director 1980s mother daughter relationship honorswintonbyrne richardayoade tildaswinton joannahogg
609972,williameubank,emilybader,arinotartomasso,alexashaeniziak,Horror Mystery Thriller,sequel demonic possess ghost,paranormal activity: next of kin,Horror Mystery Thriller sequel demonic possess ghost emilybader arinotartomasso alexashaeniziak williameubank
795522,philipgelatt,richarde.grant,lucylawless,pattonoswalt,Animation Fantasy Action,,the spine of night,Animation Fantasy Action  richarde.grant lucylawless pattonoswalt philipgelatt
91550,geoffreyfletcher,saoirseronan,alexisbledel,jamesgandolfini,Thriller Crime Drama Action Comedy,assassin hitman teenage girl,violet,Thriller Crime Drama Action Comedy assassin hitman teenage girl saoirseronan alexisbledel jamesgandolfini geoffreyfletcher
647581,michaelmailer,michaelshannon,alexanderludwig,charlesmelton,Drama,,heart of champions,Drama  michaelshannon alexanderludwig charlesmelton michaelmailer
524434,chloézhao,gemmachan,richardmadden,angelinajolie,Science Fiction Action Adventure,supernatur superhero based on com alien marvel cinematic universe (mcu) sign languag,eternals,Science Fiction Action Adventure supernatur superhero based on com alien marvel cinematic universe (mcu) sign languag gemmachan richardmadden angelinajolie chloézhao
512195,rawsonmarshallthurber,dwaynejohnson,ryanreynolds,galgadot,Action Comedy Crime Thriller,fbi interpol heist,red notice,Action Comedy Crime Thriller fbi interpol heist dwaynejohnson ryanreynolds galgadot rawsonmarshallthurber
522402,miguelsapochnik,tomhanks,caleblandryjones,oscaravila,Science Fiction Drama Adventure,robot journey post-apocalypt,finch,Science Fiction Drama Adventure robot journey post-apocalypt tomhanks caleblandryjones oscaravila miguelsapochnik
716612,pablolarraín,kristenstewart,jackfarthing,sallyhawkins,Drama,royal famili biographi marriage crisi princess based on true stori christma 1990s body horror,spencer,Drama royal famili biographi marriage crisi princess based on true stori christma 1990s body horror kristenstewart jackfarthing sallyhawkins pablolarraín
1027385,seanmcnamara,jonathanrhysmeyers,willsasso,jonvoight,Thriller Horror,,dangerous,Thriller Horror  jonathanrhysmeyers willsasso jonvoight seanmcnamara
734265,hernánjiménez,ninadobrev,jimmyo.yang,darrenbarnet,Comedy Romance,christma,love hard,Comedy Romance christma ninadobrev jimmyo.yang darrenbarnet hernánjiménez
749645,jimcummings,jimcummings,virginianewcomb,pjmccabe,Thriller Horror Comedy,satir mysteri,the beta test,Thriller Horror Comedy satir mysteri jimcummings virginianewcomb pjmccabe jimcummings
585245,waltbecker,darbycamp,jackwhitehall,izaacwang,Family Adventure Comedy Fantasy,based on novel or book pet,clifford the big red dog,Family Adventure Comedy Fantasy based on novel or book pet darbycamp jackwhitehall izaacwang waltbecker
537116,lin-manuelmiranda,andrewgarfield,alexandrashipp,robindejesús,Drama Music,new york c artist music based on true stori based on play or mus sing 1990s portrait of an artist,"tick, tick... boom!",Drama Music new york c artist music based on true stori based on play or mus sing 1990s portrait of an artist andrewgarfield alexandrashipp robindejesús lin-manuelmiranda
654974,danmazer,elliekemper,robdelaney,archieyates,Comedy Crime Family,holiday christmas spirit christma,home sweet home alone,Comedy Crime Family holiday christmas spirit christma elliekemper robdelaney archieyates danmazer
763164,edwarddrake,nealmcdonough,brucewillis,coreylarge,Action Thriller Science Fiction,prison land min decapitated head near futur,apex,Action Thriller Science Fiction prison land min decapitated head near futur nealmcdonough brucewillis coreylarge edwarddrake
600583,janecampion,benedictcumberbatch,kirstendunst,jesseplemons,Drama Western,based on novel or book husband wife relationship erotic widow marriag bulli sexual tens alcohol cowboy lgbt mentor protégé relationship woman director drunken 1920s mother son relationship brother brother relationship toxic masculin gay,the power of the dog,Drama Western based on novel or book husband wife relationship erotic widow marriag bulli sexual tens alcohol cowboy lgbt mentor protégé relationship woman director drunken 1920s mother son relationship brother brother relationship toxic masculin gay benedictcumberbatch kirstendunst jesseplemons janecampion
718633,halleberry,halleberry,adancanto,sheilaatim,Drama,sport woman director,bruised,Drama sport woman director halleberry adancanto sheilaatim halleberry
785533,mikerohl,vanessahudgens,sampalladio,nicksagar,Romance Comedy,royal famili sequel christma,the princess switch 3: romancing the star,Romance Comedy royal famili sequel christma vanessahudgens sampalladio nicksagar mikerohl
425909,jasonreitman,carriecoon,finnwolfhard,mckennagrace,Fantasy Comedy Adventure,small town afterlif sequel ghost aftercreditssting duringcreditssting,ghostbusters: afterlife,Fantasy Comedy Adventure small town afterlif sequel ghost aftercreditssting duringcreditssting carriecoon finnwolfhard mckennagrace jasonreitman
614917,reinaldomarcusgreen,willsmith,aunjanueellis,saniyyasidney,Drama History,father based on true stori famili,king richard,Drama History father based on true stori famili willsmith aunjanueellis saniyyasidney reinaldomarcusgreen
664236,davidsilverman,adamdevine,rachelbloom,zaziebeetz,Animation Comedy Family Adventure,time travel,extinct,Animation Comedy Family Adventure time travel adamdevine rachelbloom zaziebeetz davidsilverman
632617,mikemills,joaquinphoenix,woodynorman,gabyhoffmann,Drama,"new york c new orleans, louisiana los angeles, california black and whit motherhood",c'mon c'mon,"Drama new york c new orleans, louisiana los angeles, california black and whit motherhood joaquinphoenix woodynorman gabyhoffmann mikemills"
765869,caseytebo,devonsawa,ivanabaquero,ryanlee,Horror Comedy Science Fiction,monster thanksgiv alien life-form zombi parasit christma,black friday,Horror Comedy Science Fiction monster thanksgiv alien life-form zombi parasit christma devonsawa ivanabaquero ryanlee caseytebo
762433,abelferrara,ethanhawke,cristinachiriac,philneilson,War Thriller Drama Mystery,pandem,zeros and ones,War Thriller Drama Mystery pandem ethanhawke cristinachiriac philneilson abelferrara
437518,brianpatrickbutler,nickyoung,alexandraslade,michaelc.burgess,Comedy Science Fiction Horror,corrupt isol bunker nightmar theater play post-apocalyptic futur hallucinogen horror satir film in film dark comedi end of the world based on play or mus social satir apocalyps zombi black and whit filmmak survival horror nonlinear timelin militari future war anti war zombie apocalyps neo-noir one loc two-hand body horror post-apocalypt,friend of the world,Comedy Science Fiction Horror corrupt isol bunker nightmar theater play post-apocalyptic futur hallucinogen horror satir film in film dark comedi end of the world based on play or mus social satir apocalyps zombi black and whit filmmak survival horror nonlinear timelin militari future war anti war zombie apocalyps neo-noir one loc two-hand body horror post-apocalypt nickyoung alexandraslade michaelc.burgess brianpatrickbutler
568124,byronhoward,stephaniebeatriz,maríaceciliabotero,johnleguizamo,Animation Comedy Family Fantasy,magic music forest supernatur family relationship teenage girl female protagonist family conflict colombia,encanto,Animation Comedy Family Fantasy magic music forest supernatur family relationship teenage girl female protagonist family conflict colombia stephaniebeatriz maríaceciliabotero johnleguizamo byronhoward
644495,ridleyscott,ladygaga,adamdriver,jaredleto,Drama Crime History,biographi marriage crisi fashion design murder fashion,house of gucci,Drama Crime History biographi marriage crisi fashion design murder fashion ladygaga adamdriver jaredleto ridleyscott
645886,norafingscheidt,sandrabullock,violadavis,vincentd'onofrio,Drama Crime,,the unforgivable,Drama Crime  sandrabullock violadavis vincentd'onofrio norafingscheidt
460458,johannesroberts,kayascodelario,hannahjohn-kamen,robbieamell,Horror Science Fiction Action,orphanag zombi police st based on video gam reboot duringcreditssting lockdown 1990s secret experi,resident evil: welcome to raccoon city,Horror Science Fiction Action orphanag zombi police st based on video gam reboot duringcreditssting lockdown 1990s secret experi kayascodelario hannahjohn-kamen robbieamell johannesroberts
802217,michaeldowse,neilpatrickharris,winslowfegley,sophiareid-gantzert,Family Comedy,holiday video gam christma 1980s,8-bit christmas,Family Comedy holiday video gam christma 1980s neilpatrickharris winslowfegley sophiareid-gantzert michaeldowse
588367,stephenkaram,richardjenkins,jaynehoudyshell,stevenyeun,Drama,holiday new york c thanksgiv based on play or mus famili family tens,the humans,Drama holiday new york c thanksgiv based on play or mus famili family tens richardjenkins jaynehoudyshell stevenyeun stephenkaram
874299,treyparker,treyparker,mattstone,aprilstewart,Animation Comedy TV Movie,futur pandem covid-19,south park: post covid,Animation Comedy TV Movie futur pandem covid-19 treyparker mattstone aprilstewart treyparker
718032,paulthomasanderson,alanahaim,cooperhoffman,seanpenn,Drama Comedy,1970s high school love coming of ag young lov teenag,licorice pizza,Drama Comedy 1970s high school love coming of ag young lov teenag alanahaim cooperhoffman seanpenn paulthomasanderson
810873,michaelmayer,michaelurie,philemonchambers,lukemacfarlane,Romance Comedy Drama,holiday lgbt christma gay,single all the way,Romance Comedy Drama holiday lgbt christma gay michaelurie philemonchambers lukemacfarlane michaelmayer
770254,harrycripps,islafisher,timminchin,ericbana,Animation Family Adventure Comedy,,back to the outback,Animation Family Adventure Comedy  islafisher timminchin ericbana harrycripps
897192,lukecormican,bradynoon,hunterdillon,ethanwilliamchildress,Animation Comedy Family,based on novel or book sequel,diary of a wimpy kid,Animation Comedy Family based on novel or book sequel bradynoon hunterdillon ethanwilliamchildress lukecormican
728526,michaelpearce,rizahmed,octaviaspencer,lucian-rivermiragechauhan,Science Fiction Mystery Thriller Drama,alien alien invas,encounter,Science Fiction Mystery Thriller Drama alien alien invas rizahmed octaviaspencer lucian-rivermiragechauhan michaelpearce
32471,valerieweiss,gemmabrookeallen,juliebowen,nickthune,Comedy Family,,mixtape,Comedy Family  gemmabrookeallen juliebowen nickthune valerieweiss
718949,jaredcohn,patrickmuldoon,brucewillis,matthewmarsden,Action Thriller,,deadlock,Action Thriller  patrickmuldoon brucewillis matthewmarsden jaredcohn
511809,stevenspielberg,anselelgort,rachelzegler,arianadebose,Drama Romance Crime,new york c danc danc music remak based on play or mus racism young lov broadway mus 1950s,west side story,Drama Romance Crime new york c danc danc music remak based on play or mus racism young lov broadway mus 1950s anselelgort rachelzegler arianadebose stevenspielberg
646380,adammckay,jenniferlawrence,leonardodicaprio,merylstreep,Comedy Science Fiction,artificial intellig global warm satir end of the world social satir aftercreditssting duringcreditssting,don't look up,Comedy Science Fiction artificial intellig global warm satir end of the world social satir aftercreditssting duringcreditssting jenniferlawrence leonardodicaprio merylstreep adammckay
823425,ricromanwaugh,stephanjames,j.k.simmons,alexanderludwig,Drama,american footbal sport,national champions,Drama american footbal sport stephanjames j.k.simmons alexanderludwig ricromanwaugh
517088,aaronsorkin,nicolekidman,javierbardem,j.k.simmons,Drama History,biographi marriag based on true stori hollywood 1950s,being the ricardos,Drama History biographi marriag based on true stori hollywood 1950s nicolekidman javierbardem j.k.simmons aaronsorkin
763329,seanbaker,simonrex,suzannason,breeelrod,Comedy Drama,,red rocket,Comedy Drama  simonrex suzannason breeelrod seanbaker
603661,peterhutchings,lucyhale,austinstowell,yashajackson,Romance Comedy,based on novel or book,the hating game,Romance Comedy based on novel or book lucyhale austinstowell yashajackson peterhutchings
598331,hamishgrieve,willarnett,geraldineviswanathan,stephena.smith,Animation Family Comedy,monster based on com kaiju,rumble,Animation Family Comedy monster based on com kaiju willarnett geraldineviswanathan stephena.smith hamishgrieve
874300,treyparker,treyparker,mattstone,aprilstewart,Animation Comedy TV Movie,time travel pandem covid-19,south park: post covid: the return of covid,Animation Comedy TV Movie time travel pandem covid-19 treyparker mattstone aprilstewart treyparker
634649,jonwatts,tomholland,zendaya,benedictcumberbatch,Action Adventure Science Fiction,new york c loss of loved on hero magic villain vigilant sequel superhero superhero team aftercreditssting duringcreditssting marvel cinematic universe (mcu) superhero teamup,spider-man: no way home,Action Adventure Science Fiction new york c loss of loved on hero magic villain vigilant sequel superhero superhero team aftercreditssting duringcreditssting marvel cinematic universe (mcu) superhero teamup tomholland zendaya benedictcumberbatch jonwatts
597208,guillermodeltoro,bradleycooper,rooneymara,cateblanchett,Crime Drama Thriller,love triangl based on novel or book infidel carniv supernatur murder mysteri alcohol neo-noir,nightmare alley,Crime Drama Thriller love triangl based on novel or book infidel carniv supernatur murder mysteri alcohol neo-noir bradleycooper rooneymara cateblanchett guillermodeltoro
554230,maggiegyllenhaal,oliviacolman,jessiebuckley,dakotajohnson,Drama,mother based on novel or book beach greec daughter vacat motherhood woman director,the lost daughter,Drama mother based on novel or book beach greec daughter vacat motherhood woman director oliviacolman jessiebuckley dakotajohnson maggiegyllenhaal
765245,benjamincleary,mahershalaali,naomieharris,awkwafina,Drama Science Fiction,futur afterlif implanted memori replica,swan song,Drama Science Fiction futur afterlif implanted memori replica mahershalaali naomieharris awkwafina benjamincleary
727293,georgeclooney,tyesheridan,benaffleck,danielranieri,Drama,,the tender bar,Drama  tyesheridan benaffleck danielranieri georgeclooney
739413,mattsontomlin,chloëgracemoretz,algeesmith,raúlcastillo,Science Fiction Thriller,artificial intellig mother android killer robot dystopia robot,mother/android,Science Fiction Thriller artificial intellig mother android killer robot dystopia robot chloëgracemoretz algeesmith raúlcastillo mattsontomlin
883502,joshsternfeld,chadmichaelmurray,brucewillis,jessemetcalfe,Action Thriller Crime,mysteri,fortress,Action Thriller Crime mysteri chadmichaelmurray brucewillis jessemetcalfe joshsternfeld
438695,garthjennings,matthewmcconaughey,reesewitherspoon,scarlettjohansson,Animation Adventure Comedy,sing anim,sing 2,Animation Adventure Comedy sing anim matthewmcconaughey reesewitherspoon scarlettjohansson garthjennings
624860,lanawachowski,keanureeves,carrie-annemoss,yahyaabdul-mateenii,Science Fiction Action Adventure,artificial intellig man vs machin propheci futur virtual r dystopia aftercreditssting woman director,the matrix resurrections,Science Fiction Action Adventure artificial intellig man vs machin propheci futur virtual r dystopia aftercreditssting woman director keanureeves carrie-annemoss yahyaabdul-mateenii lanawachowski
476669,matthewvaughn,ralphfiennes,harrisdickinson,gemmaarterton,Action Adventure Thriller War Mystery,"london, england spi based on com world domin 1910s",the king's man,"Action Adventure Thriller War Mystery london, england spi based on com world domin 1910s ralphfiennes harrisdickinson gemmaarterton matthewvaughn"
591538,joelcoen,denzelwashington,francesmcdormand,coreyhawkins,Drama War,husband wife relationship based on play or mus treason black and whit non-traditional cast,the tragedy of macbeth,Drama War husband wife relationship based on play or mus treason black and whit non-traditional cast denzelwashington francesmcdormand coreyhawkins joelcoen
501841,denzelwashington,chantéadams,michaelb.jordan,jalonchristian,Drama Romance,,a journal for jordan,Drama Romance  chantéadams michaelb.jordan jalonchristian denzelwashington
673309,jonerwin,zacharylevi,annapaquin,haydenzaller,Drama,"american footbal biographi los angeles, california aftercreditssting",american underdog,"Drama american footbal biographi los angeles, california aftercreditssting zacharylevi annapaquin haydenzaller jonerwin"
511819,apichatpongweerasethakul,tildaswinton,agnesbrekke,danielgiménezcacho,Drama Science Fiction Mystery,colombia,memoria,Drama Science Fiction Mystery colombia tildaswinton agnesbrekke danielgiménezcacho apichatpongweerasethakul
647808,catherinetate,mathewhorne,katherineparkinson,nikywardley,Comedy,danc danc hors road trip flashback family relationship female protagonist ireland woman director drunken 1950s origin stori grandmother grandson relationship based on tv seri,,Comedy danc danc hors road trip flashback family relationship female protagonist ireland woman director drunken 1950s origin stori grandmother grandson relationship based on tv seri mathewhorne katherineparkinson nikywardley catherinetate
